SMEs,Location,Sector,Turnover January,Pre-tax Profit January,No of Employee January,Turnover February,Pre-tax Profit February,No of Employee February,Turnover March,Pre-tax Profit March,Turnover April,No of Employee March,Pre-tax Profit April,No of Employee April,Turnover May,Pre-tax Profit May,No of Employee May,Turnover June,Pre-tax Profit June,No of Employee June,Turnover July,Pre-tax Profit July,No of Employee July,Turnover August,Pre-tax Profit August,No of Employee August,Turnover September,Pre-tax Profit September,No of Employee September,Turnover October,Pre-tax Profit October,No of Employee October,Turnover November,Pre-tax Profit November,No of Employee November,Turnover December,Pre-tax Profit December,No of Employee December,Risk Level
HERITAGE (NORTH WALES),Bangor,Hotels and restuarants,14.3,6.1,50,14.73,6.71,50,15.3,7.38,22.54,50,6.71,50,16.45,7.05,50,17.02,6.84,52,17.73,6.86,52,18.3,6.72,52,18.59,7.05,52,19.16,6.71,52,19.31,6.84,52,19.69,7.05,54,Less Risky
ITEC TRAINING SOLUTIONS,Cardiff,Hotels and restuarants,12.7,2,23,13.08,2.2,23,13.59,2.42,20.02,23,2.2,23,14.61,2.31,23,15.11,2.24,25,15.75,2.25,25,16.26,2.2,25,16.51,2.31,25,17.02,2.2,25,17.15,2.24,25,17.49,2.31,27,Secure
CARPENTER & PATERSON,Welshpool,Hotels and restuarants,12.4,1.2,44,12.77,1.32,44,13.27,1.45,19.55,44,1.32,44,14.26,1.39,44,14.76,1.35,46,15.38,1.35,46,15.87,1.32,46,16.12,1.39,46,16.62,1.32,46,16.74,1.35,46,17.07,1.39,48,Less Risky
MARLIN INDUSTRIES,Wrexham,Hotels and restuarants,12.6,0.9,43,12.98,0.99,43,13.48,1.09,19.86,43,0.99,43,14.49,1.04,43,14.99,1.01,45,15.62,1.01,45,16.13,0.99,45,16.38,1.04,45,16.88,0.99,45,17.01,1.01,45,17.35,1.04,47,Less Risky
GROUNDHOG,Neath,Hotels and restuarants,9.1,2.1,34,9.37,2.31,34,9.74,2.54,14.34,34,2.31,34,10.47,2.43,34,10.83,2.36,36,11.28,2.36,36,11.65,2.31,36,11.83,2.43,36,12.19,2.31,36,12.29,2.36,36,12.53,2.43,38,Moderate Risky
VICTORIAN HOUSE (SALES),Ammanford,Hotels and restuarants,10.1,1,23,10.4,1.1,23,10.81,1.21,15.92,23,1.1,23,11.62,1.16,23,12.02,1.12,25,12.52,1.12,25,12.93,1.1,25,13.13,1.16,25,13.53,1.1,25,13.64,1.12,25,13.91,1.16,27,Secure
DAVID DAVIES (WHOLESALE DRAPERS),Cardiff,Hotels and restuarants,11.7,0.6,56,12.05,0.66,56,12.52,0.73,18.44,56,0.66,56,13.46,0.69,56,13.92,0.67,58,14.51,0.67,58,14.98,0.66,58,15.21,0.69,58,15.68,0.66,58,15.8,0.67,58,16.11,0.69,60,Very Risky
DAVID SPEAR COMMERCIALS,Cardiff,Hotels and restuarants,11.5,0.5,54,11.85,0.55,54,12.31,0.61,18.13,54,0.55,54,13.23,0.58,54,13.69,0.56,56,14.26,0.56,56,14.72,0.55,56,14.95,0.58,56,15.41,0.55,56,15.53,0.56,56,15.84,0.58,58,Very Risky
SUNDORNE PRODUCTS (LLANIDLOES),Welshpool,Hotels and restuarants,7.9,1.2,24,8.14,1.32,24,8.45,1.45,12.45,24,1.32,24,9.09,1.39,24,9.4,1.35,26,9.8,1.35,26,10.11,1.32,26,10.27,1.39,26,10.59,1.32,26,10.67,1.35,26,10.88,1.39,28,Less Risky
GARRISON BARCLAY EQUITY,Cardiff,Hotels and restuarants,10.4,0.5,34,10.71,0.55,34,11.13,0.61,16.39,34,0.55,34,11.96,0.58,34,12.38,0.56,36,12.9,0.56,36,13.31,0.55,36,13.52,0.58,36,13.94,0.55,36,14.04,0.56,36,14.32,0.58,38,Moderate Risky
GWINDY 2012 (T/A JR Industries),Caerphilly,Hotels and restuarants,14.9,2,21,15.35,2.2,21,15.94,2.42,23.49,21,2.2,21,17.14,2.31,21,17.73,2.24,23,18.48,2.25,23,19.07,2.2,23,19.37,2.31,23,19.97,2.2,23,20.12,2.24,23,20.52,2.31,25,Secure
S&K HAULAGE (GLAMORGAN),Barry,Hotels and restuarants,0,1.2,27,15.14,1.32,27,15.73,1.45,23.17,27,1.32,27,16.91,1.39,27,17.49,1.35,29,18.23,1.35,29,18.82,1.32,29,19.11,1.39,29,19.7,1.32,29,19.85,1.35,29,20.24,1.39,31,Less Risky
GAIA TECHNOLOGIES,Bangor,Hotels and restuarants,14.5,0.9,15,14.94,0.99,15,15.52,1.09,22.86,15,0.99,15,16.68,1.04,15,17.26,1.01,17,17.98,1.01,17,18.56,0.99,17,18.85,1.04,17,19.43,0.99,17,19.58,1.01,17,19.97,1.04,19,Moderate Risky
KATHRENS,Pontypridd,Hotels and restuarants,14.1,0.7,37,14.52,0.77,37,15.09,0.85,22.23,37,0.77,37,16.22,0.81,37,16.78,0.79,39,17.48,0.79,39,18.05,0.77,39,18.33,0.81,39,18.89,0.77,39,19.04,0.79,39,19.42,0.81,41,Moderate Risky
RYLO,Swansea,Hotels and restuarants,8.9,2.4,31,9.17,2.64,31,9.52,2.9,14.03,31,2.64,31,10.24,2.77,31,10.59,2.69,33,11.04,2.7,33,11.39,2.65,33,11.57,2.77,33,11.93,2.64,33,12.02,2.69,33,12.26,2.77,35,Less Risky
FINANCE WALES,Cardiff,Hotels and restuarants,10,1,54,10.3,1.1,54,10.7,1.21,15.76,54,1.1,54,11.5,1.16,54,11.9,1.12,56,12.4,1.12,56,12.8,1.1,56,13,1.16,56,13.4,1.1,56,13.5,1.12,56,13.77,1.16,58,Very Risky
SOLAR WINDOWS,Caerphilly,Hotels and restuarants,11.8,0.5,34,12.15,0.55,34,12.63,0.61,18.6,34,0.55,34,13.57,0.58,34,14.04,0.56,36,14.63,0.56,36,15.1,0.55,36,15.34,0.58,36,15.81,0.55,36,15.93,0.56,36,16.25,0.58,38,Very Risky
CORNELIUS,Port Talbot,Hotels and restuarants,11.7,0.5,65,12.05,0.55,65,12.52,0.61,18.44,65,0.55,65,13.46,0.58,65,13.92,0.56,67,14.51,0.56,67,14.98,0.55,67,15.21,0.58,67,15.68,0.55,67,15.8,0.56,67,16.11,0.58,69,Very Risky
BAKERFIELD (WALES),Swansea,Hotels and restuarants,10.9,0.5,56,11.23,0.55,56,11.66,0.61,17.18,56,0.55,56,12.54,0.58,56,12.97,0.56,58,13.52,0.56,58,13.95,0.55,58,14.17,0.58,58,14.61,0.55,58,14.72,0.56,58,15.01,0.58,60,Very Risky
MONOLITHIC REFRACTORIES,Neath,Hotels and restuarants,27.5,1,32,28.33,1.1,32,29.43,1.21,43.35,32,1.1,32,31.63,1.16,32,32.73,1.12,34,34.1,1.12,34,35.2,1.1,34,35.75,1.16,34,36.85,1.1,34,37.13,1.12,34,37.87,1.16,36,Very Risky
HOLLINGSWORTH BROS (UK),St Asaph,Hotels and restuarants,14.3,2.3,45,14.73,2.53,45,15.3,2.78,22.54,45,2.53,45,16.45,2.66,45,17.02,2.58,47,17.73,2.59,47,18.3,2.54,47,18.59,2.66,47,19.16,2.53,47,19.31,2.58,47,19.69,2.66,49,Less Risky
VILLAGE BAKERY (COEDPOETH),Wrexham,Hotels and restuarants,13.9,1.4,29,14.32,1.54,29,14.87,1.69,21.91,29,1.54,29,15.99,1.62,29,16.54,1.57,31,17.24,1.57,31,17.79,1.54,31,18.07,1.62,31,18.63,1.54,31,18.77,1.57,31,19.14,1.62,33,Secure
RED RECRUITMENT PARTNERSHIP,Cardiff,Hotels and restuarants,13.9,1,31,14.32,1.1,31,14.87,1.21,21.91,31,1.1,31,15.99,1.16,31,16.54,1.12,33,17.24,1.12,33,17.79,1.1,33,18.07,1.16,33,18.63,1.1,33,18.77,1.12,33,19.14,1.16,35,Less Risky
RICHARD WILLIAMS (DEGANWY),Llandudno Junction,Hotels and restuarants,12.3,0.9,22,12.67,0.99,22,13.16,1.09,19.39,22,0.99,22,14.15,1.04,22,14.64,1.01,24,15.25,1.01,24,15.74,0.99,24,15.99,1.04,24,16.48,0.99,24,16.61,1.01,24,16.94,1.04,26,Less Risky
WYNNE-WILLIAMS (FLINT),Bagillt,Hotels and restuarants,10.8,1,34,11.12,1.1,34,11.56,1.21,17.02,34,1.1,34,12.42,1.16,34,12.85,1.12,36,13.39,1.12,36,13.82,1.1,36,14.04,1.16,36,14.47,1.1,36,14.58,1.12,36,14.87,1.16,38,Less Risky
DIRECT HEALTHCARE SERVICES,Caerphilly,Hotels and restuarants,8.8,1.4,32,9.06,1.54,32,9.42,1.69,13.87,32,1.54,32,10.12,1.62,32,10.47,1.57,34,10.91,1.57,34,11.26,1.54,34,11.44,1.62,34,11.79,1.54,34,11.88,1.57,34,12.12,1.62,36,Moderate Risky
SOURCE INSURANCE,Cardiff,Hotels and restuarants,10,0.8,20,10.3,0.88,20,10.7,0.97,15.76,20,0.88,20,11.5,0.92,20,11.9,0.9,22,12.4,0.9,22,12.8,0.88,22,13,0.92,22,13.4,0.88,22,13.5,0.9,22,13.77,0.92,24,Less Risky
WELSH SAUSAGE,Welshpool,Hotels and restuarants,7.9,1.3,20,8.14,1.43,20,8.45,1.57,12.45,20,1.43,20,9.09,1.5,20,9.4,1.46,22,9.8,1.46,22,10.11,1.43,22,10.27,1.5,22,10.59,1.43,22,10.67,1.46,22,10.88,1.5,24,Secure
FARRALLS TRANSPORT (PROPERTIES),Deeside,Hotels and restuarants,8.4,1,26,8.65,1.1,26,8.99,1.21,13.24,26,1.1,26,9.66,1.16,26,10,1.12,28,10.42,1.12,28,10.75,1.1,28,10.92,1.16,28,11.26,1.1,28,11.34,1.12,28,11.57,1.16,30,Less Risky
PINACL,St Asaph,Hotels and restuarants,12.5,0.3,54,12.88,0.33,54,13.38,0.36,19.7,54,0.33,54,14.38,0.35,54,14.88,0.34,56,15.5,0.34,56,16,0.33,56,16.25,0.35,56,16.75,0.33,56,16.88,0.34,56,17.21,0.35,58,Very Risky
DELFIN INVESTMENTS,Llandrindod Wells,Hotels and restuarants,13.7,3.1,23,14.11,3.41,23,14.66,3.75,21.59,23,3.41,23,15.76,3.58,23,16.3,3.48,25,16.99,3.49,25,17.54,3.42,25,17.81,3.58,25,18.36,3.41,25,18.5,3.48,25,18.86,3.58,27,Most Secure
GENQUIP,Port Talbot,Hotels and restuarants,13.3,1.4,65,13.7,1.54,65,14.23,1.69,20.96,65,1.54,65,15.3,1.62,65,15.83,1.57,67,16.49,1.57,67,17.02,1.54,67,17.29,1.62,67,17.82,1.54,67,17.96,1.57,67,18.31,1.62,69,Very Risky
GLT EXPORTS,Swansea,Hotels and restuarants,11.2,1.5,43,11.54,1.65,43,11.98,1.82,17.65,43,1.65,43,12.88,1.73,43,13.33,1.68,45,13.89,1.69,45,14.34,1.65,45,14.56,1.73,45,15.01,1.65,45,15.12,1.68,45,15.42,1.73,47,Moderate Risky
BLUE BAY BUILDING PRODUCTS,Cardiff,Hotels and restuarants,13.4,0.8,23,13.8,0.88,23,14.34,0.97,21.12,23,0.88,23,15.41,0.92,23,15.95,0.9,25,16.62,0.9,25,17.15,0.88,25,17.42,0.92,25,17.96,0.88,25,18.09,0.9,25,18.45,0.92,27,Moderate Risky
METLAB SUPPLIES,Deeside,Hotels and restuarants,13.6,0.6,45,14.01,0.66,45,14.55,0.73,21.44,45,0.66,45,15.64,0.69,45,16.18,0.67,47,16.86,0.67,47,17.41,0.66,47,17.68,0.69,47,18.22,0.66,47,18.36,0.67,47,18.73,0.69,49,Very Risky
WALDON,Porth,Hotels and restuarants,8.4,1.6,65,8.65,1.76,65,8.99,1.94,13.24,65,1.76,65,9.66,1.85,65,10,1.8,67,10.42,1.8,67,10.75,1.76,67,10.92,1.85,67,11.26,1.76,67,11.34,1.8,67,11.57,1.85,69,Very Risky
SPECIALISED WIRING ACCESSORIES,Lisburn,Hotels and restuarants,10.3,0.7,42,10.61,0.77,42,11.02,0.85,16.24,42,0.77,42,11.85,0.81,42,12.26,0.79,44,12.77,0.79,44,13.18,0.77,44,13.39,0.81,44,13.8,0.77,44,13.91,0.79,44,14.18,0.81,46,Moderate Risky
VALE HOLIDAY PARKS,Aberystwyth,Hotels and restuarants,7.6,1.4,13,7.83,1.54,13,8.13,1.69,11.98,13,1.54,13,8.74,1.62,13,9.04,1.57,15,9.42,1.57,15,9.73,1.54,15,9.88,1.62,15,10.18,1.54,15,10.26,1.57,15,10.47,1.62,17,Secure
GLENSIDE COMMERCIALS,Caerphilly,Hotels and restuarants,12,0.4,45,12.36,0.44,45,12.84,0.48,18.92,45,0.44,45,13.8,0.46,45,14.28,0.45,47,14.88,0.45,47,15.36,0.44,47,15.6,0.46,47,16.08,0.44,47,16.2,0.45,47,16.52,0.46,49,Very Risky
INTERFRAME (SOUTH WEST),Caerphilly,Hotels and restuarants,9.6,0.6,32,9.89,0.66,32,10.27,0.73,15.13,32,0.66,32,11.04,0.69,32,11.42,0.67,34,11.9,0.67,34,12.29,0.66,34,12.48,0.69,34,12.86,0.66,34,12.96,0.67,34,13.22,0.69,36,Moderate Risky
GREENCOAT,Monmouth,Hotels and restuarants,13.6,2.3,36,14.01,2.53,36,14.55,2.78,21.44,36,2.53,36,15.64,2.66,36,16.18,2.58,38,16.86,2.59,38,17.41,2.54,38,17.68,2.66,38,18.22,2.53,38,18.36,2.58,38,18.73,2.66,40,Secure
A&N LEWIS,Cardiff,Hotels and restuarants,13.4,1.4,62,13.8,1.54,62,14.34,1.69,21.12,62,1.54,62,15.41,1.62,62,15.95,1.57,64,16.62,1.57,64,17.15,1.54,64,17.42,1.62,64,17.96,1.54,64,18.09,1.57,64,18.45,1.62,66,Very Risky
WESTCO,Cardiff,Hotels and restuarants,14.2,0.8,14,14.63,0.88,14,15.19,0.97,22.38,14,0.88,14,16.33,0.92,14,16.9,0.9,16,17.61,0.9,16,18.18,0.88,16,18.46,0.92,16,19.03,0.88,16,19.17,0.9,16,19.55,0.92,18,Moderate Risky
PACHUCA (T/A Dudleys Aluminium),Cardiff,Hotels and restuarants,10.6,1.2,32,10.92,1.32,32,11.34,1.45,16.71,32,1.32,32,12.19,1.39,32,12.61,1.35,34,13.14,1.35,34,13.57,1.32,34,13.78,1.39,34,14.2,1.32,34,14.31,1.35,34,14.6,1.39,36,Less Risky
RK AGGARWAL,Cardiff,Hotels and restuarants,13.1,0.6,21,13.49,0.66,21,14.02,0.73,20.65,21,0.66,21,15.07,0.69,21,15.59,0.67,23,16.24,0.67,23,16.77,0.66,23,17.03,0.69,23,17.55,0.66,23,17.69,0.67,23,18.04,0.69,25,Moderate Risky
FWG SALES,Chester,Hotels and restuarants,14.8,0.4,23,15.24,0.44,23,15.84,0.48,23.33,23,0.44,23,17.02,0.46,23,17.61,0.45,25,18.35,0.45,25,18.94,0.44,25,19.24,0.46,25,19.83,0.44,25,19.98,0.45,25,20.38,0.46,27,Very Risky
PRECISION MANUFACTURING SOLUTIONS,Monmouth,Hotels and restuarants,7.9,1.5,43,8.14,1.65,43,8.45,1.82,12.45,43,1.65,43,9.09,1.73,43,9.4,1.68,45,9.8,1.69,45,10.11,1.65,45,10.27,1.73,45,10.59,1.65,45,10.67,1.68,45,10.88,1.73,47,Very Risky
EVADX,Rhyl,Hotels and restuarants,12,0.4,21,12.36,0.44,21,12.84,0.48,18.92,21,0.44,21,13.8,0.46,21,14.28,0.45,23,14.88,0.45,23,15.36,0.44,23,15.6,0.46,23,16.08,0.44,23,16.2,0.45,23,16.52,0.46,25,Very Risky
VIBRANT ENERGY MATTERS,Blackwood,Hotels and restuarants,8.8,0.8,32,9.06,0.88,32,9.42,0.97,13.87,32,0.88,32,10.12,0.92,32,10.47,0.9,34,10.91,0.9,34,11.26,0.88,34,11.44,0.92,34,11.79,0.88,34,11.88,0.9,34,12.12,0.92,36,Moderate Risky
BALMCREST HOMES,Cardiff,Hotels and restuarants,8.4,20.8,31,8.65,22.88,31,8.99,25.17,13.24,31,22.88,31,9.66,24.02,31,10,23.34,33,10.42,23.38,33,10.75,22.93,33,10.92,24.02,33,11.26,22.88,33,11.34,23.34,33,11.57,24.04,35,Moderate Risky
MINTON TREHARNE & DAVIES,Cardiff,Hotels and restuarants,14.5,1.5,24,14.94,1.65,24,15.52,1.82,22.86,24,1.65,24,16.68,1.73,24,17.26,1.68,26,17.98,1.69,26,18.56,1.65,26,18.85,1.73,26,19.43,1.65,26,19.58,1.68,26,19.97,1.73,28,Secure
PUMP SUPPLIES,Port Talbot,Hotels and restuarants,14.5,1.1,25,14.94,1.21,25,15.52,1.33,22.86,25,1.21,25,16.68,1.27,25,17.26,1.23,27,17.98,1.24,27,18.56,1.21,27,18.85,1.27,27,19.43,1.21,27,19.58,1.23,27,19.97,1.27,29,Less Risky
WELCOME,Caernarfon,Hotels and restuarants,12.5,1,27,12.88,1.1,27,13.38,1.21,19.7,27,1.1,27,14.38,1.16,27,14.88,1.12,29,15.5,1.12,29,16,1.1,29,16.25,1.16,29,16.75,1.1,29,16.88,1.12,29,17.21,1.16,31,Less Risky
RHINO PRODUCTS,Deeside,Hotels and restuarants,9.8,1.5,34,10.09,1.65,34,10.49,1.82,15.45,34,1.65,34,11.27,1.73,34,11.66,1.68,36,12.15,1.69,36,12.54,1.65,36,12.74,1.73,36,13.13,1.65,36,13.23,1.68,36,13.49,1.73,38,Less Risky
ESKDALEMUIR FORESTRY,Wrexham,Hotels and restuarants,8.4,3.9,32,8.65,4.29,32,8.99,4.72,13.24,32,4.29,32,9.66,4.5,32,10,4.38,34,10.42,4.38,34,10.75,4.3,34,10.92,4.5,34,11.26,4.29,34,11.34,4.38,34,11.57,4.51,36,Moderate Risky
PARAMOUNT OFFICE INTERIORS,Cardiff,Hotels and restuarants,13.8,0.4,16,14.21,0.44,16,14.77,0.48,21.75,16,0.44,16,15.87,0.46,16,16.42,0.45,18,17.11,0.45,18,17.66,0.44,18,17.94,0.46,18,18.49,0.44,18,18.63,0.45,18,19,0.46,20,Very Risky
CMC PARTNERSHIP (UK),Monmouth,Hotels and restuarants,13.8,0.4,17,14.21,0.44,17,14.77,0.48,21.75,17,0.44,17,15.87,0.46,17,16.42,0.45,19,17.11,0.45,19,17.66,0.44,19,17.94,0.46,19,18.49,0.44,19,18.63,0.45,19,19,0.46,21,Very Risky
ENCON CONSTRUCTION,Cardiff,Hotels and restuarants,12.5,0.4,17,12.88,0.44,17,13.38,0.48,19.7,17,0.44,17,14.38,0.46,17,14.88,0.45,19,15.5,0.45,19,16,0.44,19,16.25,0.46,19,16.75,0.44,19,16.88,0.45,19,17.21,0.46,21,Very Risky
CL JONES (HOLDING),Bangor,Hotels and restuarants,9.9,0.6,41,10.2,0.66,41,10.59,0.73,15.61,41,0.66,41,11.39,0.69,41,11.78,0.67,43,12.28,0.67,43,12.67,0.66,43,12.87,0.69,43,13.27,0.66,43,13.37,0.67,43,13.63,0.69,45,Moderate Risky
CHEMSPEC (EAST ANGLIA),Cardiff,Hotels and restuarants,7.6,1.1,22,7.83,1.21,22,8.13,1.33,11.98,22,1.21,22,8.74,1.27,22,9.04,1.23,24,9.42,1.24,24,9.73,1.21,24,9.88,1.27,24,10.18,1.21,24,10.26,1.23,24,10.47,1.27,26,Less Risky
VITTORIA HEALTHCARE,Deeside,Hotels and restuarants,13.6,2.1,44,14.01,2.31,44,14.55,2.54,21.44,44,2.31,44,15.64,2.43,44,16.18,2.36,46,16.86,2.36,46,17.41,2.31,46,17.68,2.43,46,18.22,2.31,46,18.36,2.36,46,18.73,2.43,48,Less Risky
MONTAGNE JEUNESSE INTERNATIONAL,Port Talbot,Hotels and restuarants,13,1.3,54,13.39,1.43,54,13.91,1.57,20.49,54,1.43,54,14.95,1.5,54,15.47,1.46,56,16.12,1.46,56,16.64,1.43,56,16.9,1.5,56,17.42,1.43,56,17.55,1.46,56,17.9,1.5,58,Moderate Risky
COMPLETE CORE BUSINESS SOLUTIONS,Mountain Ash,Hotels and restuarants,10.3,1.7,67,10.61,1.87,67,11.02,2.06,16.24,67,1.87,67,11.85,1.96,67,12.26,1.91,69,12.77,1.91,69,13.18,1.87,69,13.39,1.96,69,13.8,1.87,69,13.91,1.91,69,14.18,1.96,71,Very Risky
BOF,Bridgend,Hotels and restuarants,12.5,0.8,32,12.88,0.88,32,13.38,0.97,19.7,32,0.88,32,14.38,0.92,32,14.88,0.9,34,15.5,0.9,34,16,0.88,34,16.25,0.92,34,16.75,0.88,34,16.88,0.9,34,17.21,0.92,36,Moderate Risky
CCP BUILDING PRODUCTS,Wrexham,Hotels and restuarants,12.2,0.7,25,12.57,0.77,25,13.05,0.85,19.23,25,0.77,25,14.03,0.81,25,14.52,0.79,27,15.13,0.79,27,15.62,0.77,27,15.86,0.81,27,16.35,0.77,27,16.47,0.79,27,16.8,0.81,29,Moderate Risky
EVANS WILSON AND EVANS,Caernarfon,Hotels and restuarants,8.1,1.5,76,8.34,1.65,76,8.67,1.82,12.77,76,1.65,76,9.32,1.73,76,9.64,1.68,78,10.04,1.69,78,10.37,1.65,78,10.53,1.73,78,10.85,1.65,78,10.94,1.68,78,11.15,1.73,80,Very Risky
WE DOWDS (SHIPPING),Newport,Hotels and restuarants,9.6,0.8,43,9.89,0.88,43,10.27,0.97,15.13,43,0.88,43,11.04,0.92,43,11.42,0.9,45,11.9,0.9,45,12.29,0.88,45,12.48,0.92,45,12.86,0.88,45,12.96,0.9,45,13.22,0.92,47,Moderate Risky
GTS FLEXIBLE MATERIALS,Ebbw Vale,Hotels and restuarants,8.1,1.2,56,8.34,1.32,56,8.67,1.45,12.77,56,1.32,56,9.32,1.39,56,9.64,1.35,58,10.04,1.35,58,10.37,1.32,58,10.53,1.39,58,10.85,1.32,58,10.94,1.35,58,11.15,1.39,60,Very Risky
JONES ENVIRONMENTAL FORENSICS,Deeside,Hotels and restuarants,7.4,1.3,45,7.62,1.43,45,7.92,1.57,11.66,45,1.43,45,8.51,1.5,45,8.81,1.46,47,9.18,1.46,47,9.47,1.43,47,9.62,1.5,47,9.92,1.43,47,9.99,1.46,47,10.19,1.5,49,Very Risky
CAMBRIAN LODGES,Porthmadog,Hotels and restuarants,9,0.6,32,9.27,0.66,32,9.63,0.73,14.19,32,0.66,32,10.35,0.69,32,10.71,0.67,34,11.16,0.67,34,11.52,0.66,34,11.7,0.69,34,12.06,0.66,34,12.15,0.67,34,12.39,0.69,36,Moderate Risky
CELTIC ENGINEERING,Pembroke Dock,Hotels and restuarants,14.8,1.3,43,15.24,1.43,43,15.84,1.57,23.33,43,1.43,43,17.02,1.5,43,17.61,1.46,45,18.35,1.46,45,18.94,1.43,45,19.24,1.5,45,19.83,1.43,45,19.98,1.46,45,20.38,1.5,47,Less Risky
JOHN THOMAS (ABERAERON),Aberaeron,Hotels and restuarants,15,0.9,34,15.45,0.99,34,16.05,1.09,23.64,34,0.99,34,17.25,1.04,34,17.85,1.01,36,18.6,1.01,36,19.2,0.99,36,19.5,1.04,36,20.1,0.99,36,20.25,1.01,36,20.66,1.04,38,Moderate Risky
CLWYDIAN,Wrexham,Hotels and restuarants,12.4,1,40,12.77,1.1,40,13.27,1.21,19.55,40,1.1,40,14.26,1.16,40,14.76,1.12,42,15.38,1.12,42,15.87,1.1,42,16.12,1.16,42,16.62,1.1,42,16.74,1.12,42,17.07,1.16,44,Less Risky
FIBRAX,Wrexham,Hotels and restuarants,14,0.6,22,14.42,0.66,22,14.98,0.73,22.07,22,0.66,22,16.1,0.69,22,16.66,0.67,24,17.36,0.67,24,17.92,0.66,24,18.2,0.69,24,18.76,0.66,24,18.9,0.67,24,19.28,0.69,26,Very Risky
MARCO GEARING,Llangefni,Hotels and restuarants,9.2,1.3,67,9.48,1.43,67,9.84,1.57,14.5,67,1.43,67,10.58,1.5,67,10.95,1.46,69,11.41,1.46,69,11.78,1.43,69,11.96,1.5,69,12.33,1.43,69,12.42,1.46,69,12.67,1.5,71,Very Risky
PRINCES GATE WATER,Narberth,Hotels and restuarants,10.6,0.7,31,10.92,0.77,31,11.34,0.85,16.71,31,0.77,31,12.19,0.81,31,12.61,0.79,33,13.14,0.79,33,13.57,0.77,33,13.78,0.81,33,14.2,0.77,33,14.31,0.79,33,14.6,0.81,35,Moderate Risky
COMVERGENT,Chester,Hotels and restuarants,13.5,0.4,20,13.91,0.44,20,14.45,0.48,21.28,20,0.44,20,15.53,0.46,20,16.07,0.45,22,16.74,0.45,22,17.28,0.44,22,17.55,0.46,22,18.09,0.44,22,18.23,0.45,22,18.59,0.46,24,Very Risky
JOHN COLLINS & PARTNERS,Swansea,Hotels and restuarants,7.2,1.8,73,7.42,1.98,73,7.7,2.18,11.35,73,1.98,73,8.28,2.08,73,8.57,2.02,75,8.93,2.02,75,9.22,1.98,75,9.36,2.08,75,9.65,1.98,75,9.72,2.02,75,9.91,2.08,77,Very Risky
BRADLEYS' PROPERTIES,Newtown,Hotels and restuarants,13.6,0.3,22,14.01,0.33,22,14.55,0.36,21.44,22,0.33,22,15.64,0.35,22,16.18,0.34,24,16.86,0.34,24,17.41,0.33,24,17.68,0.35,24,18.22,0.33,24,18.36,0.34,24,18.73,0.35,26,Very Risky
DM BEVAN,Cardiff,Hotels and restuarants,10.5,0.5,18,10.82,0.55,18,11.24,0.61,16.55,18,0.55,18,12.08,0.58,18,12.5,0.56,20,13.02,0.56,20,13.44,0.55,20,13.65,0.58,20,14.07,0.55,20,14.18,0.56,20,14.46,0.58,22,Moderate Risky
CLOGAU GOLD OF WALES,Rhyl,Hotels and restuarants,12.5,2.4,89,12.88,2.64,89,13.38,2.9,19.7,89,2.64,89,14.38,2.77,89,14.88,2.69,91,15.5,2.7,91,16,2.65,91,16.25,2.77,91,16.75,2.64,91,16.88,2.69,91,17.21,2.77,93,Very Risky
GREENTHUMB,St Asaph,Hotels and restuarants,13.8,1.1,52,14.21,1.21,52,14.77,1.33,21.75,52,1.21,52,15.87,1.27,52,16.42,1.23,54,17.11,1.24,54,17.66,1.21,54,17.94,1.27,54,18.49,1.21,54,18.63,1.23,54,19,1.27,56,Moderate Risky
FLAME HOMEWARE,Rhyl,Hotels and restuarants,12.3,1,60,12.67,1.1,60,13.16,1.21,19.39,60,1.1,60,14.15,1.16,60,14.64,1.12,62,15.25,1.12,62,15.74,1.1,62,15.99,1.16,62,16.48,1.1,62,16.61,1.12,62,16.94,1.16,64,Very Risky
MMR,Llanelli,Hotels and restuarants,12.1,0.8,47,12.46,0.88,47,12.95,0.97,19.07,47,0.88,47,13.92,0.92,47,14.4,0.9,49,15,0.9,49,15.49,0.88,49,15.73,0.92,49,16.21,0.88,49,16.34,0.9,49,16.66,0.92,51,Moderate Risky
KJ SERVICES,Tredegar,Hotels and restuarants,10.6,0.9,43,10.92,0.99,43,11.34,1.09,16.71,43,0.99,43,12.19,1.04,43,12.61,1.01,45,13.14,1.01,45,13.57,0.99,45,13.78,1.04,45,14.2,0.99,45,14.31,1.01,45,14.6,1.04,47,Moderate Risky
COMPOSITE METAL FLOORING,Chepstow,Hotels and restuarants,10.1,0.8,23,10.4,0.88,23,10.81,0.97,15.92,23,0.88,23,11.62,0.92,23,12.02,0.9,25,12.52,0.9,25,12.93,0.88,25,13.13,0.92,25,13.53,0.88,25,13.64,0.9,25,13.91,0.92,27,Less Risky
FAMILY FINANCE,Tredegar,Hotels and restuarants,7.8,1.5,57,8.03,1.65,57,8.35,1.82,12.29,57,1.65,57,8.97,1.73,57,9.28,1.68,59,9.67,1.69,59,9.98,1.65,59,10.14,1.73,59,10.45,1.65,59,10.53,1.68,59,10.74,1.73,61,Very Risky
CWMTILLERY GLASS CENTRE,Newport,Hotels and restuarants,9.8,0.7,42,10.09,0.77,42,10.49,0.85,15.45,42,0.77,42,11.27,0.81,42,11.66,0.79,44,12.15,0.79,44,12.54,0.77,44,12.74,0.81,44,13.13,0.77,44,13.23,0.79,44,13.49,0.81,46,Moderate Risky
ALTARVEST,Swansea,Hotels and restuarants,7.8,1.1,35,8.03,1.21,35,8.35,1.33,12.29,35,1.21,35,8.97,1.27,35,9.28,1.23,37,9.67,1.24,37,9.98,1.21,37,10.14,1.27,37,10.45,1.21,37,10.53,1.23,37,10.74,1.27,39,Very Risky
COWINDALE FEEDS,Carmarthen,Hotels and restuarants,12.2,0.3,22,12.57,0.33,22,13.05,0.36,19.23,22,0.33,22,14.03,0.35,22,14.52,0.34,24,15.13,0.34,24,15.62,0.33,24,15.86,0.35,24,16.35,0.33,24,16.47,0.34,24,16.8,0.35,26,Very Risky
TDKP,Wrexham,Hotels and restuarants,13.5,2.1,56,13.91,2.31,56,14.45,2.54,21.28,56,2.31,56,15.53,2.43,56,16.07,2.36,58,16.74,2.36,58,17.28,2.31,58,17.55,2.43,58,18.09,2.31,58,18.23,2.36,58,18.59,2.43,60,Moderate Risky
CRIPPETTS (T/A SCI-MX Nutrition),Bridgend,Hotels and restuarants,233.9,1.2,33,240.92,1.32,33,250.27,1.45,368.69,33,1.32,33,268.99,1.39,33,278.34,1.35,35,290.04,1.35,35,299.39,1.32,35,304.07,1.39,35,313.43,1.32,35,315.77,1.35,35,322.08,1.39,37,Very Risky
TEMPO INSULATION SERVICES,Rhyl,Hotels and restuarants,11.7,1.1,53,12.05,1.21,53,12.52,1.33,18.44,53,1.21,53,13.46,1.27,53,13.92,1.23,55,14.51,1.24,55,14.98,1.21,55,15.21,1.27,55,15.68,1.21,55,15.8,1.23,55,16.11,1.27,57,Moderate Risky
FRANK SUTTON,Usk,Hotels and restuarants,14.2,0.6,32,14.63,0.66,32,15.19,0.73,22.38,32,0.66,32,16.33,0.69,32,16.9,0.67,34,17.61,0.67,34,18.18,0.66,34,18.46,0.69,34,19.03,0.66,34,19.17,0.67,34,19.55,0.69,36,Very Risky
JENNINGS BUILDING & CIVIL ENGINEERING,Colwyn Bay,Hotels and restuarants,12.1,0.7,23,12.46,0.77,23,12.95,0.85,19.07,23,0.77,23,13.92,0.81,23,14.4,0.79,25,15,0.79,25,15.49,0.77,25,15.73,0.81,25,16.21,0.77,25,16.34,0.79,25,16.66,0.81,27,Moderate Risky
DINGLE NURSERIES,Welshpool,Hotels and restuarants,9.1,1.1,45,9.37,1.21,45,9.74,1.33,14.34,45,1.21,45,10.47,1.27,45,10.83,1.23,47,11.28,1.24,47,11.65,1.21,47,11.83,1.27,47,12.19,1.21,47,12.29,1.23,47,12.53,1.27,49,Very Risky
SHINE FOOD MACHINERY,Newport,Hotels and restuarants,11.6,0.5,23,11.95,0.55,23,12.41,0.61,18.28,23,0.55,23,13.34,0.58,23,13.8,0.56,25,14.38,0.56,25,14.85,0.55,25,15.08,0.58,25,15.54,0.55,25,15.66,0.56,25,15.97,0.58,27,Very Risky
GERRY JONES TRANSPORT SERVICES,Newport,Hotels and restuarants,10.1,0.6,34,10.4,0.66,34,10.81,0.73,15.92,34,0.66,34,11.62,0.69,34,12.02,0.67,36,12.52,0.67,36,12.93,0.66,36,13.13,0.69,36,13.53,0.66,36,13.64,0.67,36,13.91,0.69,38,Moderate Risky
NHC,Denbigh,Hotels and restuarants,13.5,0.3,22,13.91,0.33,22,14.45,0.36,21.28,22,0.33,22,15.53,0.35,22,16.07,0.34,24,16.74,0.34,24,17.28,0.33,24,17.55,0.35,24,18.09,0.33,24,18.23,0.34,24,18.59,0.35,26,Very Risky
HAYES (WALES),Cardiff,Hotels and restuarants,9.3,0.6,34,9.58,0.66,34,9.95,0.73,14.66,34,0.66,34,10.7,0.69,34,11.07,0.67,36,11.53,0.67,36,11.9,0.66,36,12.09,0.69,36,12.46,0.66,36,12.56,0.67,36,12.81,0.69,38,Moderate Risky
Glass Recycling,Barnsley,Manufacturing,15926,5076,56,16403.78,5583.6,56,17040.82,6141.96,25103.69,56,5583.6,56,18314.9,5862.78,56,18951.94,5695.27,58,19748.24,5706.66,58,20385.28,5594.77,58,20703.8,5862.78,58,21340.84,5583.6,58,21500.1,5695.27,58,21930.1,5866.13,60,Most Secure
Moorhen,Chesterfiel,Manufacturing,26152,4680,57,26936.56,5148,57,27982.64,5662.8,41222.63,57,5148,57,30074.8,5405.4,57,31120.88,5250.96,59,32428.48,5261.46,59,33474.56,5158.3,59,33997.6,5405.4,59,35043.68,5148,59,35305.2,5250.96,59,36011.3,5408.49,61,Most Secure
Haywood And Padgett,Barnsley,Manufacturing,27463,4366,147,28286.89,4802.6,147,29385.41,5282.86,43289.12,147,4802.6,147,31582.45,5042.73,147,32680.97,4898.65,149,34054.12,4908.45,149,35152.64,4812.21,149,35701.9,5042.73,149,36800.42,4802.6,149,37075.05,4898.65,149,37816.55,5045.61,151,Most Secure
Derbyshire Aggregates,Bakewell,Manufacturing,20543,4140,58,21159.29,4554,58,21981.01,5009.4,32381.33,58,4554,58,23624.45,4781.7,58,24446.17,4645.08,60,25473.32,4654.37,60,26295.04,4563.11,60,26705.9,4781.7,60,27527.62,4554,60,27733.05,4645.08,60,28287.71,4784.43,62,Most Secure
1 SCX Special Projects,Sheffield,Manufacturing,28402,4079,69,29254.06,4486.9,69,30390.14,4935.59,44769.24,69,4486.9,69,32662.3,4711.25,69,33798.38,4576.64,71,35218.48,4585.79,71,36354.56,4495.87,71,36922.6,4711.25,71,38058.68,4486.9,71,38342.7,4576.64,71,39109.55,4713.94,73,Most Secure
Clear Line,Sheffield,Manufacturing,19632,3967,53,20220.96,4363.7,53,21006.24,4800.07,30945.35,53,4363.7,53,22576.8,4581.89,53,23362.08,4450.97,55,24343.68,4459.88,55,25128.96,4372.43,55,25521.6,4581.89,55,26306.88,4363.7,55,26503.2,4450.97,55,27033.26,4584.5,57,Most Secure
Clee Hill Plant,Chesterfield,Manufacturing,18126,3732,187,18669.78,4105.2,187,19394.82,4515.72,28571.48,187,4105.2,187,20844.9,4310.46,187,21569.94,4187.3,189,22476.24,4195.68,189,23201.28,4113.41,189,23563.8,4310.46,189,24288.84,4105.2,189,24470.1,4187.3,189,24959.5,4312.92,191,Most Secure
Tours Abroad Group,Rotherham,Manufacturing,38555,3352,105,39711.65,3687.2,105,41253.85,4055.92,60773.12,105,3687.2,105,44338.25,3871.56,105,45880.45,3760.94,107,47808.2,3768.47,107,49350.4,3694.57,107,50121.5,3871.56,107,51663.7,3687.2,107,52049.25,3760.94,107,53090.24,3873.77,109,Most Secure
Cidon,Barnsley,Manufacturing,15734,3310,43,16206.02,3641,43,16835.38,4005.1,24801.04,43,3641,43,18094.1,3823.05,43,18723.46,3713.82,45,19510.16,3721.25,45,20139.52,3648.28,45,20454.2,3823.05,45,21083.56,3641,45,21240.9,3713.82,45,21665.72,3825.23,47,Most Secure
Eco-Power Environmental,Doncaster,Manufacturing,26277,3167,80,27065.31,3483.7,80,28116.39,3832.07,41419.67,80,3483.7,80,30218.55,3657.89,80,31269.63,3553.37,82,32583.48,3560.48,82,33634.56,3490.67,82,34160.1,3657.89,82,35211.18,3483.7,82,35473.95,3553.37,82,36183.43,3659.98,84,Most Secure
Dransfield Properties Investments,Sheffield,Manufacturing,9867,3084,23,10163.01,3392.4,23,10557.69,3731.64,15553.06,23,3392.4,23,11347.05,3562.02,23,11741.73,3460.25,25,12235.08,3467.17,25,12629.76,3399.18,25,12827.1,3562.02,25,13221.78,3392.4,25,13320.45,3460.25,25,13586.86,3564.06,27,Secure
Norton Finance Group,Rotherham,Manufacturing,14725,3058,164,15166.75,3363.8,164,15755.75,3700.18,23210.59,164,3363.8,164,16933.75,3531.99,164,17522.75,3431.08,166,18259,3437.94,166,18848,3370.53,166,19142.5,3531.99,166,19731.5,3363.8,166,19878.75,3431.08,166,20276.33,3534.01,168,Most Secure
Wild Life Group,Doncaster,Manufacturing,12941,3049,241,13329.23,3353.9,241,13846.87,3689.29,20398.52,241,3353.9,241,14882.15,3521.6,241,15399.79,3420.98,243,16046.84,3427.82,243,16564.48,3360.61,243,16823.3,3521.6,243,17340.94,3353.9,243,17470.35,3420.98,243,17819.76,3523.61,245,Most Secure
National Floorcoverings Group,Matlock,Manufacturing,22828,2888,124,23512.84,3176.8,124,24425.96,3494.48,35983.11,124,3176.8,124,26252.2,3335.64,124,27165.32,3240.34,126,28306.72,3246.82,126,29219.84,3183.15,126,29676.4,3335.64,126,30589.52,3176.8,126,30817.8,3240.34,126,31434.16,3337.55,128,Most Secure
Long Rake Spar Company,Bakewell,Manufacturing,26122,2799,84,26905.66,3078.9,84,27950.54,3386.79,41175.35,84,3078.9,84,30040.3,3232.85,84,31085.18,3140.48,86,32391.28,3146.76,86,33436.16,3085.06,86,33958.6,3232.85,86,35003.48,3078.9,86,35264.7,3140.48,86,35969.99,3234.69,88,Most Secure
Lablogic Group,Sheffield,Manufacturing,14813,2697,89,15257.39,2966.7,89,15849.91,3263.37,23349.3,89,2966.7,89,17034.95,3115.04,89,17627.47,3026.03,91,18368.12,3032.09,91,18960.64,2972.63,91,19256.9,3115.04,91,19849.42,2966.7,91,19997.55,3026.03,91,20397.5,3116.82,93,Secure
IFA Metals International,Sheffield,Manufacturing,23284,2615,155,23982.52,2876.5,155,24913.88,3164.15,36701.89,155,2876.5,155,26776.6,3020.33,155,27707.96,2934.03,157,28872.16,2939.9,157,29803.52,2882.25,157,30269.2,3020.33,157,31200.56,2876.5,157,31433.4,2934.03,157,32062.07,3022.05,159,Most Secure
Robinson Healthcare Group,Worksop,Manufacturing,24733,2431,158,25474.99,2674.1,158,26464.31,2941.51,38985.91,158,2674.1,158,28442.95,2807.81,158,29432.27,2727.58,160,30668.92,2733.04,160,31658.24,2679.45,160,32152.9,2807.81,160,33142.22,2674.1,160,33389.55,2727.58,160,34057.34,2809.41,162,Most Secure
Utopia,Chesterfield,Manufacturing,35112,2421,110,36165.36,2663.1,110,37569.84,2929.41,55346.02,110,2663.1,110,40378.8,2796.26,110,41783.28,2716.36,112,43538.88,2721.79,112,44943.36,2668.43,112,45645.6,2796.26,112,47050.08,2663.1,112,47401.2,2716.36,112,48349.22,2797.85,114,Most Secure
Westdale Group,Doncaster,Manufacturing,16400,2420,63,16892,2662,63,17548,2928.2,25850.84,63,2662,63,18860,2795.1,63,19516,2715.24,65,20336,2720.67,65,20992,2667.32,65,21320,2795.1,65,21976,2662,65,22140,2715.24,65,22582.8,2796.7,67,Secure
Go Green,Doncaster,Manufacturing,25810,2419,100,26584.3,2660.9,100,27616.7,2926.99,40683.55,100,2660.9,100,29681.5,2793.95,100,30713.9,2714.12,102,32004.4,2719.55,102,33036.8,2666.22,102,33553,2793.95,102,34585.4,2660.9,102,34843.5,2714.12,102,35540.37,2795.54,104,Most Secure
Roy Hatfield,Rotherham,Manufacturing,33962,2337,35,34980.86,2570.7,35,36339.34,2827.77,53533.31,35,2570.7,35,39056.3,2699.24,35,40414.78,2622.11,37,42112.88,2627.36,37,43471.36,2575.84,37,44150.6,2699.24,37,45509.08,2570.7,37,45848.7,2622.11,37,46765.67,2700.78,39,Most Secure
Liberty Group,Sheffield,Manufacturing,13147,2320,101,13541.41,2552,101,14067.29,2807.2,20723.23,101,2552,101,15119.05,2679.6,101,15644.93,2603.04,103,16302.28,2608.25,103,16828.16,2557.1,103,17091.1,2679.6,103,17616.98,2552,103,17748.45,2603.04,103,18103.42,2681.13,105,Secure
OSL Group,Sheffield,Manufacturing,24533,2314,192,25268.99,2545.4,192,26250.31,2799.94,38670.65,192,2545.4,192,28212.95,2672.67,192,29194.27,2596.31,194,30420.92,2601.5,194,31402.24,2550.49,194,31892.9,2672.67,194,32874.22,2545.4,194,33119.55,2596.31,194,33781.94,2674.2,196,Most Secure
8point8 Support,Doncaster,Manufacturing,22378,2313,175,23049.34,2544.3,175,23944.46,2798.73,35273.79,175,2544.3,175,25734.7,2671.52,175,26629.82,2595.19,177,27748.72,2600.38,177,28643.84,2549.39,177,29091.4,2671.52,177,29986.52,2544.3,177,30210.3,2595.19,177,30814.51,2673.04,179,Most Secure
MB Group,Sheffield,Manufacturing,19365,2263,121,19945.95,2489.3,121,20720.55,2738.23,30524.48,121,2489.3,121,22269.75,2613.77,121,23044.35,2539.09,123,24012.6,2544.16,123,24787.2,2494.28,123,25174.5,2613.77,123,25949.1,2489.3,123,26142.75,2539.09,123,26665.61,2615.26,125,Secure
Talasey,Doncaster,Manufacturing,33618,2210,55,34626.54,2431,55,35971.26,2674.1,52991.07,55,2431,55,38660.7,2552.55,55,40005.42,2479.62,57,41686.32,2484.58,57,43031.04,2435.86,57,43703.4,2552.55,57,45048.12,2431,57,45384.3,2479.62,57,46291.99,2554.01,59,Most Secure
Kybotech,Worksop,Manufacturing,22689,2114,118,23369.67,2325.4,118,24277.23,2557.94,35764.01,118,2325.4,118,26092.35,2441.67,118,26999.91,2371.91,120,28134.36,2376.65,120,29041.92,2330.05,120,29495.7,2441.67,120,30403.26,2325.4,120,30630.15,2371.91,120,31242.75,2443.07,122,Secure
Roofdec,Barnsley,Manufacturing,22405,2100,46,23077.15,2310,46,23973.35,2541,35316.35,46,2310,46,25765.75,2425.5,46,26661.95,2356.2,48,27782.2,2360.91,48,28678.4,2314.62,48,29126.5,2425.5,48,30022.7,2310,48,30246.75,2356.2,48,30851.69,2426.89,50,Secure
Rotor Clip,Sheffield,Manufacturing,17654,2085,139,18183.62,2293.5,139,18889.78,2522.85,27827.48,139,2293.5,139,20302.1,2408.18,139,21008.26,2339.37,141,21890.96,2344.05,141,22597.12,2298.09,141,22950.2,2408.18,141,23656.36,2293.5,141,23832.9,2339.37,141,24309.56,2409.55,143,Secure
History & Heraldry,Rotherham,Manufacturing,33114,2057,238,34107.42,2262.7,238,35431.98,2488.97,52196.63,238,2262.7,238,38081.1,2375.84,238,39405.66,2307.95,240,41061.36,2312.57,240,42385.92,2267.23,240,43048.2,2375.84,240,44372.76,2262.7,240,44703.9,2307.95,240,45597.98,2377.19,242,Most Secure
Morris & CO.,Doncaster,Manufacturing,25307,2017,40,26066.21,2218.7,40,27078.49,2440.57,39890.69,40,2218.7,40,29103.05,2329.64,40,30115.33,2263.07,42,31380.68,2267.6,42,32392.96,2223.14,42,32899.1,2329.64,42,33911.38,2218.7,42,34164.45,2263.07,42,34847.74,2330.97,44,Secure
IVY Cottage,Barnsley,Manufacturing,5737,2012,178,5909.11,2213.2,178,6138.59,2434.52,9043.07,178,2213.2,178,6597.55,2323.86,178,6827.03,2257.46,180,7113.88,2261.98,180,7343.36,2217.63,180,7458.1,2323.86,180,7687.58,2213.2,180,7744.95,2257.46,180,7899.85,2325.19,182,Less Risky
Haughton Textiles,Barnsley,Manufacturing,25900,2000,240,26677,2200,240,27713,2420,40825.41,240,2200,240,29785,2310,240,30821,2244,242,32116,2248.49,242,33152,2204.4,242,33670,2310,242,34706,2200,242,34965,2244,242,35664.3,2311.32,244,Most Secure
Bridgstock,Chesterfield,Manufacturing,15804,1974,56,16278.12,2171.4,56,16910.28,2388.54,24911.38,56,2171.4,56,18174.6,2279.97,56,18806.76,2214.83,58,19596.96,2219.26,58,20229.12,2175.74,58,20545.2,2279.97,58,21177.36,2171.4,58,21335.4,2214.83,58,21762.11,2281.27,60,Secure
A.E.Spink,Chesterfield,Manufacturing,30825,1957,97,31749.75,2152.7,97,32982.75,2367.97,48588.55,97,2152.7,97,35448.75,2260.34,97,36681.75,2195.75,99,38223,2200.15,99,39456,2157.01,99,40072.5,2260.34,99,41305.5,2152.7,99,41613.75,2195.75,99,42446.03,2261.63,101,Most Secure
Carver Engineering,Doncaster,Manufacturing,30581,1931,88,31498.43,2124.1,88,32721.67,2336.51,48203.94,88,2124.1,88,35168.15,2230.31,88,36391.39,2166.58,90,37920.44,2170.92,90,39143.68,2128.35,90,39755.3,2230.31,90,40978.54,2124.1,90,41284.35,2166.58,90,42110.04,2231.58,92,Most Secure
DSS Group,Doncaster,Manufacturing,9353,1919,56,9633.59,2110.9,56,10007.71,2321.99,14742.86,56,2110.9,56,10755.95,2216.45,56,11130.07,2153.12,58,11597.72,2157.42,58,11971.84,2115.12,58,12158.9,2216.45,58,12533.02,2110.9,58,12626.55,2153.12,58,12879.08,2217.71,60,Less Risky
Dearneside Fabrications,Doncaster,Manufacturing,17085,1907,83,17597.55,2097.7,83,18280.95,2307.47,26930.59,83,2097.7,83,19647.75,2202.59,83,20331.15,2139.65,85,21185.4,2143.93,85,21868.8,2101.9,85,22210.5,2202.59,85,22893.9,2097.7,85,23064.75,2139.65,85,23526.05,2203.84,87,Secure
Wordsworth Excavations,Sheffield,Manufacturing,12350,1886,90,12720.5,2074.6,90,13214.5,2282.06,19466.94,90,2074.6,90,14202.5,2178.33,90,14696.5,2116.09,92,15314,2120.32,92,15808,2078.75,92,16055,2178.33,92,16549,2074.6,92,16672.5,2116.09,92,17005.95,2179.57,94,Less Risky
Ronald Hull Jnr.,Chesterfield,Manufacturing,9152,1883,130,9426.56,2071.3,130,9792.64,2278.43,14426.03,130,2071.3,130,10524.8,2174.87,130,10890.88,2112.73,132,11348.48,2116.95,132,11714.56,2075.44,132,11897.6,2174.87,132,12263.68,2071.3,132,12355.2,2112.73,132,12602.3,2176.11,134,Less Risky
Asmet,Barnsley,Manufacturing,12100,1864,56,12463,2050.4,56,12947,2255.44,19072.88,56,2050.4,56,13915,2152.92,56,14399,2091.41,58,15004,2095.59,58,15488,2054.5,58,15730,2152.92,58,16214,2050.4,58,16335,2091.41,58,16661.7,2154.15,60,Less Risky
GO2 Foods,Rotherham,Manufacturing,27952,1789,145,28790.56,1967.9,145,29908.64,2164.69,44059.92,145,1967.9,145,32144.8,2066.3,145,33262.88,2007.26,147,34660.48,2011.27,147,35778.56,1971.84,147,36337.6,2066.3,147,37455.68,1967.9,147,37735.2,2007.26,147,38489.9,2067.48,149,Secure
Panache Lingerie,Dronfield,Manufacturing,18759,1755,11,19321.77,1930.5,11,20072.13,2123.55,29569.26,11,1930.5,11,21572.85,2027.03,11,22323.21,1969.11,13,23261.16,1973.05,13,24011.52,1934.36,13,24386.7,2027.03,13,25137.06,1930.5,13,25324.65,1969.11,13,25831.14,2028.18,15,Secure
GRI Libra,Doncaster,Manufacturing,13010,1715,148,13400.3,1886.5,148,13920.7,2075.15,20507.28,148,1886.5,148,14961.5,1980.83,148,15481.9,1924.23,150,16132.4,1928.08,150,16652.8,1890.27,150,16913,1980.83,150,17433.4,1886.5,150,17563.5,1924.23,150,17914.77,1981.96,152,Less Risky
Pinelog Group,Sheffield,Manufacturing,24989,1686,117,25738.67,1854.6,117,26738.23,2040.06,39389.43,117,1854.6,117,28737.35,1947.33,117,29736.91,1891.69,119,30986.36,1895.48,119,31985.92,1858.31,119,32485.7,1947.33,119,33485.26,1854.6,119,33735.15,1891.69,119,34409.85,1948.44,121,Secure
Roe Developments,Sheffield,Manufacturing,26652,1684,58,27451.56,1852.4,58,28517.64,2037.64,42010.77,58,1852.4,58,30649.8,1945.02,58,31715.88,1889.45,60,33048.48,1893.23,60,34114.56,1856.1,60,34647.6,1945.02,60,35713.68,1852.4,60,35980.2,1889.45,60,36699.8,1946.13,62,Secure
Minorfern,Matlock,Manufacturing,11563,1677,274,11909.89,1844.7,274,12372.41,2029.17,18226.42,274,1844.7,274,13297.45,1936.94,274,13759.97,1881.59,276,14338.12,1885.36,276,14800.64,1848.39,276,15031.9,1936.94,276,15494.42,1844.7,276,15610.05,1881.59,276,15922.25,1938.04,278,Less Risky
Braithwaite Excavations,Rotherham,Manufacturing,17079,1671,30,17591.37,1838.1,30,18274.53,2021.91,26921.13,30,1838.1,30,19640.85,1930.01,30,20324.01,1874.86,32,21177.96,1878.61,32,21861.12,1841.78,32,22202.7,1930.01,32,22885.86,1838.1,32,23056.65,1874.86,32,23517.78,1931.11,34,Secure
Warwick Ward,Chesterfield,Manufacturing,23284,1656,243,23982.52,1821.6,243,24913.88,2003.76,36701.89,243,1821.6,243,26776.6,1912.68,243,27707.96,1858.03,245,28872.16,1861.75,245,29803.52,1825.24,245,30269.2,1912.68,245,31200.56,1821.6,245,31433.4,1858.03,245,32062.07,1913.77,247,Secure
X-Cel Superturn,Barnsley,Manufacturing,10656,1601,24,10975.68,1761.1,24,11401.92,1937.21,16796.74,24,1761.1,24,12254.4,1849.16,24,12680.64,1796.32,26,13213.44,1799.91,26,13639.68,1764.62,26,13852.8,1849.16,26,14279.04,1761.1,26,14385.6,1796.32,26,14673.31,1850.21,28,Less Risky
Wilsons Furnishers,Barnsley,Manufacturing,23994,1598,85,24713.82,1757.8,85,25673.58,1933.58,37821.04,85,1757.8,85,27593.1,1845.69,85,28552.86,1792.96,87,29752.56,1796.54,87,30712.32,1761.32,87,31192.2,1845.69,87,32151.96,1757.8,87,32391.9,1792.96,87,33039.74,1846.74,89,Secure
Thos.Winnard & Sons,Rotherham,Manufacturing,21856,1567,163,22511.68,1723.7,163,23385.92,1896.07,34450.97,163,1723.7,163,25134.4,1809.89,163,26008.64,1758.17,165,27101.44,1761.69,165,27975.68,1727.15,165,28412.8,1809.89,165,29287.04,1723.7,165,29505.6,1758.17,165,30095.71,1810.92,167,Secure
URA Ventures,Rotherham,Manufacturing,25588,1564,122,26355.64,1720.4,122,27379.16,1892.44,40333.62,122,1720.4,122,29426.2,1806.42,122,30449.72,1754.81,124,31729.12,1758.32,124,32752.64,1723.84,124,33264.4,1806.42,124,34287.92,1720.4,124,34543.8,1754.81,124,35234.68,1807.45,126,Secure
SRS Rail System,Rotherham,Manufacturing,15774,1540,39,16247.22,1694,39,16878.18,1863.4,24864.1,39,1694,39,18140.1,1778.7,39,18771.06,1727.88,41,19559.76,1731.34,41,20190.72,1697.39,41,20506.2,1778.7,41,21137.16,1694,41,21294.9,1727.88,41,21720.8,1779.72,43,Less Risky
SPD,Chesterfield,Manufacturing,11696,1533,33,12046.88,1686.3,33,12514.72,1854.93,18436.06,33,1686.3,33,13450.4,1770.62,33,13918.24,1720.03,35,14503.04,1723.47,35,14970.88,1689.67,35,15204.8,1770.62,35,15672.64,1686.3,35,15789.6,1720.03,35,16105.39,1771.63,37,Less Risky
Portland of Bawtry,Chesterfield,Manufacturing,17654,1473,101,18183.62,1620.3,101,18889.78,1782.33,27827.48,101,1620.3,101,20302.1,1701.32,101,21008.26,1652.71,103,21890.96,1656.01,103,22597.12,1623.54,103,22950.2,1701.32,103,23656.36,1620.3,103,23832.9,1652.71,103,24309.56,1702.29,105,Less Risky
Tickhill Engineering Company,Sheffield,Manufacturing,5106,1470,4,5259.18,1617,4,5463.42,1778.7,8048.44,4,1617,4,5871.9,1697.85,4,6076.14,1649.34,6,6331.44,1652.64,6,6535.68,1620.23,6,6637.8,1697.85,6,6842.04,1617,6,6893.1,1649.34,6,7030.96,1698.82,8,Moderate Risky
Penny Hydraulics,Doncaster,Manufacturing,23414,1435,9,24116.42,1578.5,9,25052.98,1736.35,36906.8,9,1578.5,9,26926.1,1657.43,9,27862.66,1610.07,11,29033.36,1613.29,11,29969.92,1581.66,11,30438.2,1657.43,11,31374.76,1578.5,11,31608.9,1610.07,11,32241.08,1658.37,13,Secure
Direct Trade,Doncaster,Manufacturing,12856,1429,71,13241.68,1571.9,71,13755.92,1729.09,20264.54,71,1571.9,71,14784.4,1650.5,71,15298.64,1603.34,73,15941.44,1606.54,73,16455.68,1575.04,73,16712.8,1650.5,73,17227.04,1571.9,73,17355.6,1603.34,73,17702.71,1651.44,75,Less Risky
Intake Developments,Chesterfield,Manufacturing,8740,1404,83,9002.2,1544.4,83,9351.8,1698.84,13776.61,83,1544.4,83,10051,1621.62,83,10400.6,1575.29,85,10837.6,1578.44,85,11187.2,1547.49,85,11362,1621.62,85,11711.6,1544.4,85,11799,1575.29,85,12034.98,1622.55,87,Less Risky
BDB Design Build,Doncaster,Manufacturing,20548,1397,214,21164.44,1536.7,214,21986.36,1690.37,32389.21,214,1536.7,214,23630.2,1613.54,214,24452.12,1567.43,216,25479.52,1570.57,216,26301.44,1539.77,216,26712.4,1613.54,216,27534.32,1536.7,216,27739.8,1567.43,216,28294.6,1614.46,218,Secure
Galaxy Insulation And DRY Lining,Barnsley,Manufacturing,37751,1367,8,38883.53,1503.7,8,40393.57,1654.07,59505.8,8,1503.7,8,43413.65,1578.89,8,44923.69,1533.77,10,46811.24,1536.84,10,48321.28,1506.71,10,49076.3,1578.89,10,50586.34,1503.7,10,50963.85,1533.77,10,51983.13,1579.79,12,Most Secure
Compass Engineering,Sheffield,Manufacturing,33280,1365,23,34278.4,1501.5,23,35609.6,1651.65,52458.29,23,1501.5,23,38272,1576.58,23,39603.2,1531.53,25,41267.2,1534.59,25,42598.4,1504.5,25,43264,1576.58,25,44595.2,1501.5,25,44928,1531.53,25,45826.56,1577.48,27,Secure
Excel Parking Services,Sheffield,Manufacturing,27820,1362,73,28654.6,1498.2,73,29767.4,1648.02,43851.85,73,1498.2,73,31993,1573.11,73,33105.8,1528.16,75,34496.8,1531.22,75,35609.6,1501.2,75,36166,1573.11,75,37278.8,1498.2,75,37557,1528.16,75,38308.14,1574.01,77,Secure
Breasley Pillows,Barnsley,Manufacturing,19585,1349,35,20172.55,1483.9,35,20955.95,1632.29,30871.26,35,1483.9,35,22522.75,1558.1,35,23306.15,1513.58,37,24285.4,1516.61,37,25068.8,1486.87,37,25460.5,1558.1,37,26243.9,1483.9,37,26439.75,1513.58,37,26968.55,1558.99,39,Less Risky
Johnson Bros,Sheffield,Manufacturing,15648,1243,334,16117.44,1367.3,334,16743.36,1504.03,24665.49,334,1367.3,334,17995.2,1435.67,334,18621.12,1394.65,336,19403.52,1397.44,336,20029.44,1370.03,336,20342.4,1435.67,336,20968.32,1367.3,336,21124.8,1394.65,336,21547.3,1436.49,338,Less Risky
HRE Newco,Matlock,Manufacturing,36002,1225,218,37082.06,1347.5,218,38522.14,1482.25,56748.9,218,1347.5,218,41402.3,1414.88,218,42842.38,1374.45,220,44642.48,1377.2,220,46082.56,1350.2,220,46802.6,1414.88,220,48242.68,1347.5,220,48602.7,1374.45,220,49574.75,1415.68,222,Most Secure
Gdma Group,Worksop,Manufacturing,11159,1201,140,11493.77,1321.1,140,11940.13,1453.21,17589.61,140,1321.1,140,12832.85,1387.16,140,13279.21,1347.52,142,13837.16,1350.22,142,14283.52,1323.74,142,14506.7,1387.16,142,14953.06,1321.1,142,15064.65,1347.52,142,15365.94,1387.95,144,Moderate Risky
Plumbing Supplies Company,Chesterfield,Manufacturing,23812,1192,64,24526.36,1311.2,64,25478.84,1442.32,37534.16,64,1311.2,64,27383.8,1376.76,64,28336.28,1337.42,66,29526.88,1340.1,66,30479.36,1313.82,66,30955.6,1376.76,66,31908.08,1311.2,66,32146.2,1337.42,66,32789.12,1377.55,68,Secure
Raveningham,Sheffield,Manufacturing,6448,1178,200,6641.44,1295.8,200,6899.36,1425.38,10163.79,200,1295.8,200,7415.2,1360.59,200,7673.12,1321.72,202,7995.52,1324.36,202,8253.44,1298.39,202,8382.4,1360.59,202,8640.32,1295.8,202,8704.8,1321.72,202,8878.9,1361.37,204,Moderate Risky
Mac's Transport,Sheffield,Manufacturing,12332,1173,53,12701.96,1290.3,53,13195.24,1419.33,19438.57,53,1290.3,53,14181.8,1354.82,53,14675.08,1316.11,55,15291.68,1318.74,55,15784.96,1292.88,55,16031.6,1354.82,55,16524.88,1290.3,55,16648.2,1316.11,55,16981.16,1355.59,57,Less Risky
Planet X,Rotherham,Manufacturing,15997,1165,125,16476.91,1281.5,125,17116.79,1409.65,25215.6,125,1281.5,125,18396.55,1345.58,125,19036.43,1307.13,127,19836.28,1309.74,127,20476.16,1284.06,127,20796.1,1345.58,127,21435.98,1281.5,127,21595.95,1307.13,127,22027.87,1346.34,129,Less Risky
Panel Systems,Barnsley,Manufacturing,27287,1143,28,28105.61,1257.3,28,29197.09,1383.03,43011.7,28,1257.3,28,31380.05,1320.17,28,32471.53,1282.45,30,33835.88,1285.01,30,34927.36,1259.81,30,35473.1,1320.17,30,36564.58,1257.3,30,36837.45,1282.45,30,37574.2,1320.92,32,Secure
One Health Group,Rotherham,Manufacturing,12669,1119,51,13049.07,1230.9,51,13555.83,1353.99,19969.77,51,1230.9,51,14569.35,1292.45,51,15076.11,1255.52,53,15709.56,1258.03,53,16216.32,1233.36,53,16469.7,1292.45,53,16976.46,1230.9,53,17103.15,1255.52,53,17445.21,1293.18,55,Less Risky
A Shade Greener,Sheffield,Manufacturing,13082,1097,70,13474.46,1206.7,70,13997.74,1327.37,20620.77,70,1206.7,70,15044.3,1267.04,70,15567.58,1230.83,72,16221.68,1233.3,72,16744.96,1209.11,72,17006.6,1267.04,72,17529.88,1206.7,72,17660.7,1230.83,72,18013.91,1267.76,74,Less Risky
Rotherham Healthcare,Sheffield,Manufacturing,18391,1084,54,18942.73,1192.4,54,19678.37,1311.64,28989.2,54,1192.4,54,21149.65,1252.02,54,21885.29,1216.25,56,22804.84,1218.68,56,23540.48,1194.78,56,23908.3,1252.02,56,24643.94,1192.4,56,24827.85,1216.25,56,25324.41,1252.74,58,Less Risky
Jepson,Barnsley,Manufacturing,9412,1064,15,9694.36,1170.4,15,10070.84,1287.44,14835.86,15,1170.4,15,10823.8,1228.92,15,11200.28,1193.81,17,11670.88,1196.2,17,12047.36,1172.74,17,12235.6,1228.92,17,12612.08,1170.4,17,12706.2,1193.81,17,12960.32,1229.62,19,Moderate Risky
E.E.Blyth & CO,Rotherham,Manufacturing,4683,1053,151,4823.49,1158.3,151,5010.81,1274.13,7381.68,151,1158.3,151,5385.45,1216.22,151,5572.77,1181.47,153,5806.92,1183.83,153,5994.24,1160.62,153,6087.9,1216.22,153,6275.22,1158.3,153,6322.05,1181.47,153,6448.49,1216.91,155,Moderate Risky
Apollo Access,Sheffield,Manufacturing,15045,1052,82,15496.35,1157.2,82,16098.15,1272.92,23714.99,82,1157.2,82,17301.75,1215.06,82,17903.55,1180.34,84,18655.8,1182.7,84,19257.6,1159.51,84,19558.5,1215.06,84,20160.3,1157.2,84,20310.75,1180.34,84,20716.97,1215.75,86,Less Risky
Lidget Compton,Worksop,Manufacturing,18951,1052,75,19519.53,1157.2,75,20277.57,1272.92,29871.91,75,1157.2,75,21793.65,1215.06,75,22551.69,1180.34,77,23499.24,1182.7,77,24257.28,1159.51,77,24636.3,1215.06,77,25394.34,1157.2,77,25583.85,1180.34,77,26095.53,1215.75,79,Less Risky
Navartis,Sheffield,Manufacturing,9293,1049,98,9571.79,1153.9,98,9943.51,1269.29,14648.28,98,1153.9,98,10686.95,1211.6,98,11058.67,1176.98,100,11523.32,1179.33,100,11895.04,1156.21,100,12080.9,1211.6,100,12452.62,1153.9,100,12545.55,1176.98,100,12796.46,1212.29,102,Moderate Risky
Vidlearn,Barnsley,Manufacturing,7804,1040,62,8038.12,1144,62,8350.28,1258.4,12301.22,62,1144,62,8974.6,1201.2,62,9286.76,1166.88,64,9676.96,1169.21,64,9989.12,1146.29,64,10145.2,1201.2,64,10457.36,1144,64,10535.4,1166.88,64,10746.11,1201.89,66,Moderate Risky
Millgate,Doncaster,Manufacturing,31717,1033,53,32668.51,1136.3,53,33937.19,1249.93,49994.58,53,1136.3,53,36474.55,1193.12,53,37743.23,1159.03,55,39329.08,1161.34,55,40597.76,1138.57,55,41232.1,1193.12,55,42500.78,1136.3,55,42817.95,1159.03,55,43674.31,1193.8,57,Secure
QWP,Sheffield,Manufacturing,1888,1030,6,1944.64,1133,6,2020.16,1246.3,2976,6,1133,6,2171.2,1189.65,6,2246.72,1155.66,8,2341.12,1157.97,8,2416.64,1135.27,8,2454.4,1189.65,8,2529.92,1133,8,2548.8,1155.66,8,2599.78,1190.33,10,Very Risky
Datagraphic,Sheffield,Manufacturing,53539,1024,108,55145.17,1126.4,108,57286.73,1239.04,84391.96,108,1126.4,108,61569.85,1182.72,108,63711.41,1148.93,110,66388.36,1151.23,110,68529.92,1128.65,110,69600.7,1182.72,110,71742.26,1126.4,110,72277.65,1148.93,110,73723.2,1183.4,112,Most Secure
Green Group International,Doncaster,Manufacturing,10931,993,44,11258.93,1092.3,44,11696.17,1201.53,17230.22,44,1092.3,44,12570.65,1146.92,44,13007.89,1114.15,46,13554.44,1116.37,46,13991.68,1094.48,46,14210.3,1146.92,46,14647.54,1092.3,46,14756.85,1114.15,46,15051.99,1147.57,48,Moderate Risky
The Abbey Group UK,Chesterfield,Manufacturing,13464,954,113,13867.92,1049.4,113,14406.48,1154.34,21222.91,113,1049.4,113,15483.6,1101.87,113,16022.16,1070.39,115,16695.36,1072.53,115,17233.92,1051.5,115,17503.2,1101.87,115,18041.76,1049.4,115,18176.4,1070.39,115,18539.93,1102.5,117,Moderate Risky
Saul Construction,Rotherham,Manufacturing,24888,954,109,25634.64,1049.4,109,26630.16,1154.34,39230.23,109,1049.4,109,28621.2,1101.87,109,29616.72,1070.39,111,30861.12,1072.53,111,31856.64,1051.5,111,32354.4,1101.87,111,33349.92,1049.4,111,33598.8,1070.39,111,34270.78,1102.5,113,Secure
Kingfield Electronics,Sheffield,Manufacturing,24448,952,199,25181.44,1047.2,199,26159.36,1151.92,38536.67,199,1047.2,199,28115.2,1099.56,199,29093.12,1068.14,201,30315.52,1070.28,201,31293.44,1049.29,201,31782.4,1099.56,201,32760.32,1047.2,201,33004.8,1068.14,201,33664.9,1100.19,203,Less Risky
Sargents Properties,Barnsley,Manufacturing,10932,940,69,11259.96,1034,69,11697.24,1137.4,17231.79,69,1034,69,12571.8,1085.7,69,13009.08,1054.68,71,13555.68,1056.79,71,13992.96,1036.07,71,14211.6,1085.7,71,14648.88,1034,71,14758.2,1054.68,71,15053.36,1086.32,73,Moderate Risky
BEN Bennett JR,Chesterfield,Manufacturing,12773,930,111,13156.19,1023,111,13667.11,1125.3,20133.71,111,1023,111,14688.95,1074.15,111,15199.87,1043.46,113,15838.52,1045.55,113,16349.44,1025.05,113,16604.9,1074.15,113,17115.82,1023,113,17243.55,1043.46,113,17588.42,1074.76,115,Moderate Risky
Loadhog,Doncaster,Manufacturing,15465,916,49,15928.95,1007.6,49,16547.55,1108.36,24377.03,49,1007.6,49,17784.75,1057.98,49,18403.35,1027.75,51,19176.6,1029.81,51,19795.2,1009.62,51,20104.5,1057.98,51,20723.1,1007.6,51,20877.75,1027.75,51,21295.31,1058.58,53,Less Risky
Milner,Rotherham,Manufacturing,10112,906,73,10415.36,996.6,73,10819.84,1096.26,15939.25,73,996.6,73,11628.8,1046.43,73,12033.28,1016.53,75,12538.88,1018.57,75,12943.36,998.59,75,13145.6,1046.43,75,13550.08,996.6,75,13651.2,1016.53,75,13924.22,1047.03,77,Moderate Risky
Fosters Bakery,Sheffield,Manufacturing,13396,906,90,13797.88,996.6,90,14333.72,1096.26,21115.72,90,996.6,90,15405.4,1046.43,90,15941.24,1016.53,92,16611.04,1018.57,92,17146.88,998.59,92,17414.8,1046.43,92,17950.64,996.6,92,18084.6,1016.53,92,18446.29,1047.03,94,Moderate Risky
AEW Paddock Motors,Matlock,Manufacturing,9774,886,78,10067.22,974.6,78,10458.18,1072.06,15406.47,78,974.6,78,11240.1,1023.33,78,11631.06,994.09,80,12119.76,996.08,80,12510.72,976.55,80,12706.2,1023.33,80,13097.16,974.6,80,13194.9,994.09,80,13458.8,1023.91,82,Moderate Risky
Paragon Foodservice,Barnsley,Manufacturing,13383,886,204,13784.49,974.6,204,14319.81,1072.06,21095.23,204,974.6,204,15390.45,1023.33,204,15925.77,994.09,206,16594.92,996.08,206,17130.24,976.55,206,17397.9,1023.33,206,17933.22,974.6,206,18067.05,994.09,206,18428.39,1023.91,208,Moderate Risky
B.J. Waters,Matlock,Manufacturing,1200,880,51,1236,968,51,1284,1064.8,1891.52,51,968,51,1380,1016.4,51,1428,987.36,53,1488,989.33,53,1536,969.94,53,1560,1016.4,53,1608,968,53,1620,987.36,53,1652.4,1016.98,55,Very Risky
McGhee Holdings,Belper,Textile,1.43,1.43,27,48524.33,1.57,27,50408.77,1.73,74259.69,27,1.57,27,54177.65,1.65,27,56062.09,1.6,29,58417.64,1.61,29,60302.08,1.58,29,61244.3,1.65,29,63128.74,1.57,29,63599.85,1.6,29,64871.85,1.65,31,Secure
Moorhen Holdings,Chesterfield,Textile,1.27,1.27,57,26936.56,1.4,57,27982.64,1.54,41222.63,57,1.4,57,30074.8,1.47,57,31120.88,1.42,59,32428.48,1.43,59,33474.56,1.4,59,33997.6,1.47,59,35043.68,1.4,59,35305.2,1.42,59,36011.3,1.47,61,Moderate Risky
Bailey Construction (Derby) Holdings,Belper,Textile,1.24,1.24,21,18896.38,1.36,21,19630.22,1.5,28918.26,21,1.36,21,21097.9,1.43,21,21831.74,1.39,23,22749.04,1.39,23,23482.88,1.37,23,23849.8,1.43,23,24583.64,1.36,23,24767.1,1.39,23,25262.44,1.43,25,Moderate Risky
Clee Hill Plant,Chesterfield,Textile,1.26,1.26,188,18701.71,1.39,188,19427.99,1.52,28620.35,188,1.39,188,20880.55,1.46,188,21606.83,1.41,190,22514.68,1.42,190,23240.96,1.39,190,23604.1,1.46,190,24330.38,1.39,190,24511.95,1.41,190,25002.19,1.46,192,Moderate Risky
Derbyshire Aggregates,Bakewell,Textile,0.91,0.91,58,25165.99,1,58,26143.31,1.1,38513.02,58,1,58,28097.95,1.05,58,29075.27,1.02,60,30296.92,1.02,60,31274.24,1,60,31762.9,1.05,60,32740.22,1,60,32984.55,1.02,60,33644.24,1.05,62,Moderate Risky
National Floorcoverings Group,Matlock,Textile,1.01,1.01,124,23512.84,1.11,124,24425.96,1.22,35983.11,124,1.11,124,26252.2,1.17,124,27165.32,1.13,126,28306.72,1.14,126,29219.84,1.11,126,29676.4,1.17,126,30589.52,1.11,126,30817.8,1.13,126,31434.16,1.17,128,Moderate Risky
Long Rake Spar Company (The),Bakewell,Textile,1.17,1.17,84,26905.66,1.29,84,27950.54,1.42,41175.35,84,1.29,84,30040.3,1.35,84,31085.18,1.31,86,32391.28,1.32,86,33436.16,1.29,86,33958.6,1.35,86,35003.48,1.29,86,35264.7,1.31,86,35969.99,1.35,88,Moderate Risky
Tennant Metallurgical Group Holdings,Chesterfield,Textile,1.15,1.15,12,67263.12,1.27,12,69875.28,1.39,102936.79,12,1.27,12,75099.6,1.33,12,77711.76,1.29,14,80976.96,1.29,14,83589.12,1.27,14,84895.2,1.33,14,87507.36,1.27,14,88160.4,1.29,14,89923.61,1.33,16,Most Secure
Utopia Holdings (Chesterfield),Chesterfield,Textile,0.79,0.79,110,36165.36,0.87,110,37569.84,0.96,55346.02,110,0.87,110,40378.8,0.91,110,41783.28,0.89,112,43538.88,0.89,112,44943.36,0.87,112,45645.6,0.91,112,47050.08,0.87,112,47401.2,0.89,112,48349.22,0.91,114,Less Risky
Minorfern,Chesterfield,Textile,1.04,1.04,284,26476.15,1.14,284,27504.35,1.26,40518.04,284,1.14,284,29560.75,1.2,284,30588.95,1.17,286,31874.2,1.17,286,32902.4,1.15,286,33416.5,1.2,286,34444.7,1.14,286,34701.75,1.17,286,35395.79,1.2,288,Moderate Risky
WCEC Group,Chesterfield,Textile,1.49,1.49,130,9426.56,1.64,130,9792.64,1.8,14426.03,130,1.64,130,10524.8,1.72,130,10890.88,1.67,132,11348.48,1.68,132,11714.56,1.64,132,11897.6,1.72,132,12263.68,1.64,132,12355.2,1.67,132,12602.3,1.72,134,Very Risky
Asmet,Dronfield,Textile,1.47,1.47,11,19321.77,1.62,11,20072.13,1.78,29569.26,11,1.62,11,21572.85,1.7,11,22323.21,1.65,13,23261.16,1.65,13,24011.52,1.62,13,24386.7,1.7,13,25137.06,1.62,13,25324.65,1.65,13,25831.14,1.7,15,Moderate Risky
Pinelog Group,Matlock,Textile,1.45,1.45,274,11909.89,1.6,274,12372.41,1.75,18226.42,274,1.6,274,13297.45,1.67,274,13759.97,1.63,276,14338.12,1.63,276,14800.64,1.6,276,15031.9,1.67,276,15494.42,1.6,276,15610.05,1.63,276,15922.25,1.68,278,Very Risky
URA Ventures,Chesterfield,Textile,1.41,1.41,33,12046.88,1.55,33,12514.72,1.71,18436.06,33,1.55,33,13450.4,1.63,33,13918.24,1.58,35,14503.04,1.59,35,14970.88,1.55,35,15204.8,1.63,35,15672.64,1.55,35,15789.6,1.58,35,16105.39,1.63,37,Very Risky
Panache Lingerie,Sheffield,Textile,0.89,0.89,117,25738.67,0.98,117,26738.23,1.08,39389.43,117,0.98,117,28737.35,1.03,117,29736.91,1,119,30986.36,1,119,31985.92,0.98,119,32485.7,1.03,119,33485.26,0.98,119,33735.15,1,119,34409.85,1.03,121,Moderate Risky
Capital Refractories,Chesterfield,Textile,1,1,246,34843.87,1.1,246,36197.03,1.21,53323.66,246,1.1,246,38903.35,1.16,246,40256.51,1.12,248,41947.96,1.12,248,43301.12,1.1,248,43977.7,1.16,248,45330.86,1.1,248,45669.15,1.12,248,46582.53,1.16,250,Less Risky
Garner Holdings,Ripley,Textile,1.18,1.18,132,10756.29,1.3,132,11174.01,1.43,16461,132,1.3,132,12009.45,1.36,132,12427.17,1.32,134,12949.32,1.33,134,13367.04,1.3,134,13575.9,1.36,134,13993.62,1.3,134,14098.05,1.32,134,14380.01,1.36,136,Very Risky
SRS Rail System (Holdings),Chesterfield,Textile,1.17,1.17,101,18183.62,1.29,101,18889.78,1.42,27827.48,101,1.29,101,20302.1,1.35,101,21008.26,1.31,103,21890.96,1.32,103,22597.12,1.29,103,22950.2,1.35,103,23656.36,1.29,103,23832.9,1.31,103,24309.56,1.35,105,Moderate Risky
J C Balls & Sons,Belper,Textile,1.09,1.09,111,14278.89,1.2,111,14833.41,1.32,21851.84,111,1.2,111,15942.45,1.26,111,16496.97,1.22,113,17190.12,1.23,113,17744.64,1.2,113,18021.9,1.26,113,18576.42,1.2,113,18715.05,1.22,113,19089.35,1.26,115,Very Risky
Tickford Orange,Alfreton,Textile,2.75,2.75,84,14368.5,3.03,84,14926.5,3.33,21988.98,84,3.03,84,16042.5,3.18,84,16600.5,3.09,86,17298,3.09,86,17856,3.03,86,18135,3.18,86,18693,3.03,86,18832.5,3.09,86,19209.15,3.18,88,Very Risky
M. M. D. Design and Consultancy,Alfreton,Textile,1.43,1.43,49,5969.88,1.57,49,6201.72,1.73,9136.07,49,1.57,49,6665.4,1.65,49,6897.24,1.6,51,7187.04,1.61,51,7418.88,1.58,51,7534.8,1.65,51,7766.64,1.57,51,7824.6,1.6,51,7981.09,1.65,53,Very Risky
Richford Motor Services Limited,Alfreton,Textile,1.39,1.39,132,9783.97,1.53,132,10163.93,1.68,14973,132,1.53,132,10923.85,1.61,132,11303.81,1.56,134,11778.76,1.56,134,12158.72,1.53,134,12348.7,1.61,134,12728.66,1.53,134,12823.65,1.56,134,13080.12,1.61,136,Very Risky
HRE Newco,Chesterfield,Textile,1.39,1.39,64,27306.33,1.53,64,28366.77,1.68,41788.52,64,1.53,64,30487.65,1.61,64,31548.09,1.56,66,32873.64,1.56,66,33934.08,1.53,66,34464.3,1.61,66,35524.74,1.53,66,35789.85,1.56,66,36505.65,1.61,68,Less Risky
Breasley Pillows (The),Matlock,Textile,1.23,1.23,218,37082.06,1.35,218,38522.14,1.49,56748.9,218,1.35,218,41402.3,1.42,218,42842.38,1.38,220,44642.48,1.38,220,46082.56,1.36,220,46802.6,1.42,220,48242.68,1.35,220,48602.7,1.38,220,49574.75,1.42,222,Less Risky
Johnson Bros (Tours) Limited,Worksop,Textile,1.08,1.08,140,11493.77,1.19,140,11940.13,1.31,17589.61,140,1.19,140,12832.85,1.25,140,13279.21,1.21,142,13837.16,1.21,142,14283.52,1.19,142,14506.7,1.25,142,14953.06,1.19,142,15064.65,1.21,142,15365.94,1.25,144,Very Risky
Plumbing Supplies Company Ltd,Sheffield,Textile,0.88,0.88,53,12701.96,0.97,53,13195.24,1.06,19438.57,53,0.97,53,14181.8,1.02,53,14675.08,0.99,55,15291.68,0.99,55,15784.96,0.97,55,16031.6,1.02,55,16524.88,0.97,55,16648.2,0.99,55,16981.16,1.02,57,Very Risky
Moto Direct Holdings,Alfreton,Textile,1,1,130,23907.33,1.1,130,24835.77,1.21,36586.82,130,1.1,130,26692.65,1.16,130,27621.09,1.12,132,28781.64,1.12,132,29710.08,1.1,132,30174.3,1.16,132,31102.74,1.1,132,31334.85,1.12,132,31961.55,1.16,134,Moderate Risky
Bridgstock,Chesterfield,Textile,0.79,0.79,97,31749.75,0.87,97,32982.75,0.96,48588.55,97,0.87,97,35448.75,0.91,97,36681.75,0.89,99,38223,0.89,99,39456,0.87,99,40072.5,0.91,99,41305.5,0.87,99,41613.75,0.89,99,42446.03,0.91,101,Less Risky
Ondrives Group,Chesterfield,Textile,0.84,0.84,57,6415.87,0.92,57,6665.03,1.02,9818.59,57,0.92,57,7163.35,0.97,57,7412.51,0.94,59,7723.96,0.94,59,7973.12,0.93,59,8097.7,0.97,59,8346.86,0.92,59,8409.15,0.94,59,8577.33,0.97,61,Very Risky
Datagraphic Holdings,Chesterfield,Textile,1.25,1.25,113,13867.92,1.38,113,14406.48,1.51,21222.91,113,1.38,113,15483.6,1.44,113,16022.16,1.4,115,16695.36,1.41,115,17233.92,1.38,115,17503.2,1.44,115,18041.76,1.38,115,18176.4,1.4,115,18539.93,1.44,117,Very Risky
Penny Hydraulics,Chesterfield,Textile,1.37,1.37,82,7841.39,1.51,82,8145.91,1.66,12000.15,82,1.51,82,8754.95,1.58,82,9059.47,1.54,84,9440.12,1.54,84,9744.64,1.51,84,9896.9,1.58,84,10201.42,1.51,84,10277.55,1.54,84,10483.1,1.58,86,Very Risky
Milner Holdings (Matlock),Matlock,Textile,1.33,1.33,78,10067.22,1.46,78,10458.18,1.61,15406.47,78,1.46,78,11240.1,1.54,78,11631.06,1.49,80,12119.76,1.5,80,12510.72,1.47,80,12706.2,1.54,80,13097.16,1.46,80,13194.9,1.49,80,13458.8,1.54,82,Very Risky
AEW Paddock Motors,Matlock,Textile,1.12,1.12,51,15141,1.23,51,15729,1.36,23171.18,51,1.23,51,16905,1.29,51,17493,1.26,53,18228,1.26,53,18816,1.23,53,19110,1.29,53,19698,1.23,53,19845,1.26,53,20241.9,1.29,55,Very Risky
Kingfield Electronics,Chesterfield,Textile,1.34,1.34,128,15270.78,1.47,128,15863.82,1.62,23369.79,128,1.47,128,17049.9,1.55,128,17642.94,1.5,130,18384.24,1.51,130,18977.28,1.48,130,19273.8,1.55,130,19866.84,1.47,130,20015.1,1.5,130,20415.4,1.55,132,Very Risky
Lubricant Holdings,Chesterfield,Textile,1.36,1.36,105,25592.41,1.5,105,26586.29,1.65,39165.6,105,1.5,105,28574.05,1.57,105,29567.93,1.53,107,30810.28,1.53,107,31804.16,1.5,107,32301.1,1.57,107,33294.98,1.5,107,33543.45,1.53,107,34214.32,1.57,109,Moderate Risky
Watson Trade,Chesterfield,Textile,0.84,0.84,10,5452.82,0.92,10,5664.58,1.02,8344.78,10,0.92,10,6088.1,0.97,10,6299.86,0.94,12,6564.56,0.94,12,6776.32,0.93,12,6882.2,0.97,12,7093.96,0.92,12,7146.9,0.94,12,7289.84,0.97,14,Very Risky
Restek-Uk,Ripley,Textile,1.03,1.03,11,1583.11,1.13,11,1644.59,1.25,2422.73,11,1.13,11,1767.55,1.19,11,1829.03,1.16,13,1905.88,1.16,13,1967.36,1.14,13,1998.1,1.19,13,2059.58,1.13,13,2074.95,1.16,13,2116.45,1.19,15,Very Risky
Weavers Close,Matlock,Textile,0.76,0.76,115,5671.18,0.84,115,5891.42,0.92,8678.95,115,0.84,115,6331.9,0.88,115,6552.14,0.85,117,6827.44,0.85,117,7047.68,0.84,117,7157.8,0.88,117,7378.04,0.84,117,7433.1,0.85,117,7581.76,0.88,119,Very Risky
Norder Associates,Belper,Textile,1.2,1.2,25,3620.45,1.32,25,3761.05,1.45,5540.59,25,1.32,25,4042.25,1.39,25,4182.85,1.35,27,4358.6,1.35,27,4499.2,1.32,27,4569.5,1.39,27,4710.1,1.32,27,4745.25,1.35,27,4840.16,1.39,29,Very Risky
Colortronic (U.K.),Chesterfield,Textile,0.96,0.96,30,9864.31,1.06,30,10247.39,1.16,15095.95,30,1.06,30,11013.55,1.11,30,11396.63,1.08,32,11875.48,1.08,32,12258.56,1.06,32,12450.1,1.11,32,12833.18,1.06,32,12928.95,1.08,32,13187.53,1.11,34,Very Risky
Hastings Freight Holdings,Chesterfield,Textile,1.36,1.36,80,11299.1,1.5,80,11737.9,1.65,17291.69,80,1.5,80,12615.5,1.57,80,13054.3,1.53,82,13602.8,1.53,82,14041.6,1.5,82,14261,1.57,82,14699.8,1.5,82,14809.5,1.53,82,15105.69,1.57,84,Very Risky
Xbite,Chesterfield,Textile,1.34,1.34,93,37538.35,1.47,93,38996.15,1.62,57447.19,93,1.47,93,41911.75,1.55,93,43369.55,1.5,95,45191.8,1.51,95,46649.6,1.48,95,47378.5,1.55,95,48836.3,1.47,95,49200.75,1.5,95,50184.77,1.55,97,Less Risky
James and Graven Holdings,Chesterfield,Textile,1.42,1.42,3,996.01,1.56,3,1034.69,1.72,1524.25,3,1.56,3,1112.05,1.64,3,1150.73,1.59,5,1199.08,1.6,5,1237.76,1.57,5,1257.1,1.64,5,1295.78,1.56,5,1305.45,1.59,5,1331.56,1.64,7,Very Risky
John Smedley,Matlock,Textile,1.06,1.06,349,18516.31,1.17,349,19235.39,1.28,28336.62,349,1.17,349,20673.55,1.22,349,21392.63,1.19,351,22291.48,1.19,351,23010.56,1.17,351,23370.1,1.22,351,24089.18,1.17,351,24268.95,1.19,351,24754.33,1.22,353,Moderate Risky
Knights Care,Chesterfield,Textile,1.31,1.31,169,3904.73,1.44,169,4056.37,1.59,5975.64,169,1.44,169,4359.65,1.51,169,4511.29,1.47,171,4700.84,1.47,171,4852.48,1.44,171,4928.3,1.51,171,5079.94,1.44,171,5117.85,1.47,171,5220.21,1.51,173,Very Risky
B.J.Waters (Transport),Matlock,Textile,1.48,1.48,96,12114.86,1.63,96,12585.34,1.79,18540.1,96,1.63,96,13526.3,1.71,96,13996.78,1.66,98,14584.88,1.66,98,15055.36,1.63,98,15290.6,1.71,98,15761.08,1.63,98,15878.7,1.66,98,16196.27,1.71,100,Very Risky
Owen Taylor And,Alfreton,Textile,0.79,0.79,154,18061.05,0.87,154,18762.45,0.96,27639.91,154,0.87,154,20165.25,0.91,154,20866.65,0.89,156,21743.4,0.89,156,22444.8,0.87,156,22795.5,0.91,156,23496.9,0.87,156,23672.25,0.89,156,24145.7,0.91,158,Moderate Risky
Filigree Holdings,Ripley,Textile,1.2,1.2,70,9176.27,1.32,70,9532.63,1.45,14043,70,1.32,70,10245.35,1.39,70,10601.71,1.35,72,11047.16,1.35,72,11403.52,1.32,72,11581.7,1.39,72,11938.06,1.32,72,12027.15,1.35,72,12267.69,1.39,74,Very Risky
Container Components Europe,Chesterfield,Textile,0.88,0.88,53,7669.38,0.97,53,7967.22,1.06,11736.91,53,0.97,53,8562.9,1.02,53,8860.74,0.99,55,9233.04,0.99,55,9530.88,0.97,55,9679.8,1.02,55,9977.64,0.97,55,10052.1,0.99,55,10253.14,1.02,57,Very Risky
Devonshire Hotels & Restaurants Group,Bakewell,Textile,0.84,0.84,296,10671.83,0.92,296,11086.27,1.02,16331.74,296,0.92,296,11915.15,0.97,296,12329.59,0.94,298,12847.64,0.94,298,13262.08,0.93,298,13469.3,0.97,298,13883.74,0.92,298,13987.35,0.94,298,14267.1,0.97,300,Very Risky
